{"cameraMode":{"drawMode":0,"name":"Shaded","section":"Shading Mode"},"sceneLighting":true,"audioPlay":false,"sceneViewState":{"showFog":true,"showMaterialUpdate":false,"showSkybox":true,"showFlares":true,"showImageEffects":true,"showParticleSystems":true},"in2DMode":false,"pivot":{"x":0.18820138275623322,"y":0.27061015367507937,"z":-0.37764203548431399},"rotation":{"x":-0.13165822625160218,"y":-0.32453566789627077,"z":0.04567126929759979,"w":-0.9355533123016357},"size":1.2572765350341797,"orthographic":false}